Date,Symbol,Name,Total Volume,Short Volume,Short Exempt Volume,SEVofSV,SEVofTV,SVofTV,SSR On,Misfire,Sector,Industry,Is ETF,Shares Outstanding,
2020-01-02,GME,"GameStop Corp.",1168597,778292,10793,1.39,0.92,66.6,No,No,Consumer Cyclical,Specialty Retail,No,74379200,
2020-01-03,GME,"GameStop Corp.",852566,565720,5400,0.95,0.63,66.35,No,No,Consumer Cyclical,Specialty Retail,No,74379200,
2020-01-06,GME,"GameStop Corp.",865648,527430,8618,1.63,1,60.93,No,No,Consumer Cyclical,Specialty Retail,No,74379200,
2020-01-07,GME,"GameStop Corp.",1261123,696104,3236,0.46,0.26,55.2,No,No,Consumer Cyclical,Specialty Retail,No,74379200,
2020-01-08,GME,"GameStop Corp.",991624,698066,7477,1.07,0.75,70.4,No,No,Consumer Cyclical,Specialty Retail,No,74379200,
2020-01-09,GME,"GameStop Corp.",661142,506080,4365,0.86,0.66,76.55,No,No,Consumer Cyclical,Specialty Retail,No,74379200,
2020-01-10,GME,"GameStop Corp.",715424,513409,748,0.15,0.1,71.76,No,No,Consumer Cyclical,Specialty Retail,No,74379200,
2020-01-13,GME,"GameStop Corp.",882950,637436,6949,1.09,0.79,72.19,No,No,Consumer Cyclical,Specialty Retail,No,74379200,
2020-01-14,GME,"GameStop Corp.",2312676,1068939,219245,20.51,9.48,46.22,Yes,No,Consumer Cyclical,Specialty Retail,No,74379200,
2020-01-15,GME,"GameStop Corp.",1127870,635976,135701,21.34,12.03,56.39,Yes,No,Consumer Cyclical,Specialty Retail,No,74379200,
2020-01-16,GME,"GameStop Corp.",1017318,764852,9025,1.18,0.89,75.18,No,No,Consumer Cyclical,Specialty Retail,No,74379200,
2020-01-17,GME,"GameStop Corp.",894900,602860,9177,1.52,1.03,67.37,No,No,Consumer Cyclical,Specialty Retail,No,74379200,
2020-01-21,GME,"GameStop Corp.",827342,626796,8006,1.28,0.97,75.76,No,No,Consumer Cyclical,Specialty Retail,No,74379200,
2020-01-22,GME,"GameStop Corp.",601406,431302,7725,1.79,1.28,71.72,No,No,Consumer Cyclical,Specialty Retail,No,74379200,
2020-01-23,GME,"GameStop Corp.",486261,269241,3818,1.42,0.79,55.37,No,No,Consumer Cyclical,Specialty Retail,No,74379200,
2020-01-24,GME,"GameStop Corp.",930851,789865,24034,3.04,2.58,84.85,No,No,Consumer Cyclical,Specialty Retail,No,74379200,
2020-01-27,GME,"GameStop Corp.",766443,446775,9384,2.1,1.22,58.29,No,No,Consumer Cyclical,Specialty Retail,No,74379200,
2020-01-28,GME,"GameStop Corp.",613751,394612,2834,0.72,0.46,64.3,No,No,Consumer Cyclical,Specialty Retail,No,74379200,
2020-01-29,GME,"GameStop Corp.",594821,479050,813,0.17,0.14,80.54,No,No,Consumer Cyclical,Specialty Retail,No,74379200,
2020-01-30,GME,"GameStop Corp.",806428,623839,5617,0.9,0.7,77.36,No,No,Consumer Cyclical,Specialty Retail,No,74379200,
2020-01-31,GME,"GameStop Corp.",1002318,786716,10888,1.38,1.09,78.49,No,No,Consumer Cyclical,Specialty Retail,No,74379200,
2020-02-03,GME,"GameStop Corp.",834005,583982,4183,0.72,0.5,70.02,No,No,Consumer Cyclical,Specialty Retail,No,74379200,
2020-02-04,GME,"GameStop Corp.",1289753,994976,5605,0.56,0.43,77.14,No,No,Consumer Cyclical,Specialty Retail,No,74379200,
2020-02-05,GME,"GameStop Corp.",1006346,652028,8792,1.35,0.87,64.79,No,No,Consumer Cyclical,Specialty Retail,No,74379200,
2020-02-06,GME,"GameStop Corp.",508752,332358,25836,7.77,5.08,65.33,No,No,Consumer Cyclical,Specialty Retail,No,74379200,
2020-02-07,GME,"GameStop Corp.",847426,691283,2585,0.37,0.31,81.57,No,No,Consumer Cyclical,Specialty Retail,No,74379200,
2020-02-10,GME,"GameStop Corp.",759994,587223,5400,0.92,0.71,77.27,No,No,Consumer Cyclical,Specialty Retail,No,74379200,
2020-02-11,GME,"GameStop Corp.",1358603,795042,10498,1.32,0.77,58.52,No,No,Consumer Cyclical,Specialty Retail,No,74379200,
2020-02-12,GME,"GameStop Corp.",1274715,685191,14668,2.14,1.15,53.75,No,No,Consumer Cyclical,Specialty Retail,No,74379200,
2020-02-13,GME,"GameStop Corp.",794030,473746,8952,1.89,1.13,59.66,No,No,Consumer Cyclical,Specialty Retail,No,74379200,
2020-02-14,GME,"GameStop Corp.",506972,224455,3278,1.46,0.65,44.27,No,No,Consumer Cyclical,Specialty Retail,No,74379200,
2020-02-18,GME,"GameStop Corp.",586907,290929,6435,2.21,1.1,49.57,No,No,Consumer Cyclical,Specialty Retail,No,74379200,
2020-02-19,GME,"GameStop Corp.",789574,394406,3041,0.77,0.39,49.95,No,No,Consumer Cyclical,Specialty Retail,No,74379200,
2020-02-20,GME,"GameStop Corp.",543712,244766,2505,1.02,0.46,45.02,No,No,Consumer Cyclical,Specialty Retail,No,74379200,
2020-02-21,GME,"GameStop Corp.",711469,383880,262,0.07,0.04,53.96,No,No,Consumer Cyclical,Specialty Retail,No,74379200,
2020-02-24,GME,"GameStop Corp.",1228118,457103,9570,2.09,0.78,37.22,No,No,Consumer Cyclical,Specialty Retail,No,74379200,
2020-02-25,GME,"GameStop Corp.",1640440,744800,49981,6.71,3.05,45.4,No,No,Consumer Cyclical,Specialty Retail,No,74379200,
2020-02-26,GME,"GameStop Corp.",1344058,735443,26097,3.55,1.94,54.72,No,No,Consumer Cyclical,Specialty Retail,No,74379200,
2020-02-27,GME,"GameStop Corp.",1296975,574889,11528,2.01,0.89,44.33,No,No,Consumer Cyclical,Specialty Retail,No,74379200,
2020-02-28,GME,"GameStop Corp.",1546627,634501,4037,0.64,0.26,41.02,No,No,Consumer Cyclical,Specialty Retail,No,74379200,
2020-03-02,GME,"GameStop Corp.",827134,281215,7981,2.84,0.96,34,No,No,Consumer Cyclical,Specialty Retail,No,74379200,
2020-03-03,GME,"GameStop Corp.",1415193,723437,9006,1.24,0.64,51.12,No,No,Consumer Cyclical,Specialty Retail,No,74379200,
2020-03-04,GME,"GameStop Corp.",1085200,685166,7011,1.02,0.65,63.14,No,No,Consumer Cyclical,Specialty Retail,No,74379200,
2020-03-05,GME,"GameStop Corp.",934717,620856,15539,2.5,1.66,66.42,No,No,Consumer Cyclical,Specialty Retail,No,74379200,
2020-03-06,GME,"GameStop Corp.",719313,409996,28541,6.96,3.97,57,No,No,Consumer Cyclical,Specialty Retail,No,74379200,
2020-03-09,GME,"GameStop Corp.",905877,374421,112017,29.92,12.37,41.33,Yes,No,Consumer Cyclical,Specialty Retail,No,74379200,
2020-03-10,GME,"GameStop Corp.",1345117,633976,100176,15.8,7.45,47.13,Yes,No,Consumer Cyclical,Specialty Retail,No,74379200,
2020-03-11,GME,"GameStop Corp.",1287149,749046,9327,1.25,0.72,58.19,No,No,Consumer Cyclical,Specialty Retail,No,74379200,
2020-03-12,GME,"GameStop Corp.",1579388,553261,201490,36.42,12.76,35.03,Yes,No,Consumer Cyclical,Specialty Retail,No,74379200,
2020-03-13,GME,"GameStop Corp.",1689267,676276,282012,41.7,16.69,40.03,Yes,No,Consumer Cyclical,Specialty Retail,No,74379200,
2020-03-16,GME,"GameStop Corp.",2034566,746506,171434,22.96,8.43,36.69,Yes,No,Consumer Cyclical,Specialty Retail,No,74379200,
2020-03-17,GME,"GameStop Corp.",1293887,307014,53804,17.52,4.16,23.73,Yes,No,Consumer Cyclical,Specialty Retail,No,74379200,
2020-03-18,GME,"GameStop Corp.",1373941,446031,71844,16.11,5.23,32.46,Yes,No,Consumer Cyclical,Specialty Retail,No,74379200,
2020-03-19,GME,"GameStop Corp.",1670860,375094,114175,30.44,6.83,22.45,Yes,No,Consumer Cyclical,Specialty Retail,No,74379200,
2020-03-20,GME,"GameStop Corp.",3740485,1118752,116266,10.39,3.11,29.91,Yes,No,Consumer Cyclical,Specialty Retail,No,74379200,
2020-03-23,GME,"GameStop Corp.",1347081,667844,114016,17.07,8.46,49.58,Yes,No,Consumer Cyclical,Specialty Retail,No,74379200,
2020-03-24,GME,"GameStop Corp.",1823109,697534,12074,1.73,0.66,38.26,No,No,Consumer Cyclical,Specialty Retail,No,74379200,
2020-03-25,GME,"GameStop Corp.",1135930,590578,15965,2.7,1.41,51.99,No,No,Consumer Cyclical,Specialty Retail,No,74379200,
2020-03-26,GME,"GameStop Corp.",1250431,624377,16931,2.71,1.35,49.93,No,No,Consumer Cyclical,Specialty Retail,No,74379200,
2020-03-27,GME,"GameStop Corp.",2085824,1037222,70447,6.79,3.38,49.73,No,No,Consumer Cyclical,Specialty Retail,No,74379200,
2020-03-30,GME,"GameStop Corp.",892798,429147,90395,21.06,10.12,48.07,Yes,No,Consumer Cyclical,Specialty Retail,No,74379200,
2020-03-31,GME,"GameStop Corp.",1031271,295823,73298,24.78,7.11,28.69,Yes,No,Consumer Cyclical,Specialty Retail,No,74379200,
2020-04-01,GME,"GameStop Corp.",1216718,805904,100827,12.51,8.29,66.24,Yes,No,Consumer Cyclical,Specialty Retail,No,74379200,
2020-04-02,GME,"GameStop Corp.",1015125,566246,125653,22.19,12.38,55.78,Yes,No,Consumer Cyclical,Specialty Retail,No,74379200,
2020-04-03,GME,"GameStop Corp.",1023726,611526,111261,18.19,10.87,59.74,Yes,No,Consumer Cyclical,Specialty Retail,No,74379200,
2020-04-06,GME,"GameStop Corp.",1205010,728562,14097,1.93,1.17,60.46,No,No,Consumer Cyclical,Specialty Retail,No,74379200,
2020-04-07,GME,"GameStop Corp.",1017902,642945,10164,1.58,1,63.16,No,No,Consumer Cyclical,Specialty Retail,No,74379200,
2020-04-08,GME,"GameStop Corp.",1014494,542723,18273,3.37,1.8,53.5,No,No,Consumer Cyclical,Specialty Retail,No,74379200,
2020-04-09,GME,"GameStop Corp.",1895554,1394755,17054,1.22,0.9,73.58,No,No,Consumer Cyclical,Specialty Retail,No,74379200,
2020-04-13,GME,"GameStop Corp.",1704498,1088728,31315,2.88,1.84,63.87,No,No,Consumer Cyclical,Specialty Retail,No,74379200,
2020-04-14,GME,"GameStop Corp.",2617196,1584506,65453,4.13,2.5,60.54,No,No,Consumer Cyclical,Specialty Retail,No,74379200,
2020-04-15,GME,"GameStop Corp.",1602896,775931,311780,40.18,19.45,48.41,Yes,No,Consumer Cyclical,Specialty Retail,No,74379200,
2020-04-16,GME,"GameStop Corp.",821987,338060,168681,49.9,20.52,41.13,Yes,No,Consumer Cyclical,Specialty Retail,No,74379200,
2020-04-17,GME,"GameStop Corp.",1708662,739224,113929,15.41,6.67,43.26,Yes,No,Consumer Cyclical,Specialty Retail,No,74379200,
2020-04-20,GME,"GameStop Corp.",1641241,464616,216229,46.54,13.17,28.31,Yes,No,Consumer Cyclical,Specialty Retail,No,74379200,
2020-04-21,GME,"GameStop Corp.",1108550,335935,72447,21.57,6.54,30.3,Yes,No,Consumer Cyclical,Specialty Retail,No,74379200,
2020-04-22,GME,"GameStop Corp.",815100,197860,67461,34.1,8.28,24.27,Yes,No,Consumer Cyclical,Specialty Retail,No,74379200,
2020-04-23,GME,"GameStop Corp.",599340,220872,26972,12.21,4.5,36.85,No,No,Consumer Cyclical,Specialty Retail,No,74379200,
2020-04-24,GME,"GameStop Corp.",443122,152247,10897,7.16,2.46,34.36,No,No,Consumer Cyclical,Specialty Retail,No,74379200,
2020-04-27,GME,"GameStop Corp.",1761617,843525,50334,5.97,2.86,47.88,No,No,Consumer Cyclical,Specialty Retail,No,74379200,
2020-04-28,GME,"GameStop Corp.",1533127,488900,222564,45.52,14.52,31.89,Yes,No,Consumer Cyclical,Specialty Retail,No,74379200,
2020-04-29,GME,"GameStop Corp.",1084072,445588,220104,49.4,20.3,41.1,Yes,No,Consumer Cyclical,Specialty Retail,No,74379200,
2020-04-30,GME,"GameStop Corp.",772671,334891,84116,25.12,10.89,43.34,No,No,Consumer Cyclical,Specialty Retail,No,74379200,
2020-05-01,GME,"GameStop Corp.",1366324,392752,22439,5.71,1.64,28.75,No,No,Consumer Cyclical,Specialty Retail,No,74379200,
2020-05-04,GME,"GameStop Corp.",896987,150298,34696,23.08,3.87,16.76,Yes,No,Consumer Cyclical,Specialty Retail,No,74379200,
2020-05-05,GME,"GameStop Corp.",516589,114030,32859,28.82,6.36,22.07,Yes,No,Consumer Cyclical,Specialty Retail,No,74379200,
2020-05-06,GME,"GameStop Corp.",979290,284947,11526,4.04,1.18,29.1,No,No,Consumer Cyclical,Specialty Retail,No,74379200,
2020-05-07,GME,"GameStop Corp.",908447,270020,14694,5.44,1.62,29.72,No,No,Consumer Cyclical,Specialty Retail,No,74379200,
2020-05-08,GME,"GameStop Corp.",683539,309502,6256,2.02,0.92,45.28,No,No,Consumer Cyclical,Specialty Retail,No,74379200,
2020-05-11,GME,"GameStop Corp.",495191,218376,4705,2.15,0.95,44.1,No,No,Consumer Cyclical,Specialty Retail,No,74379200,
2020-05-12,GME,"GameStop Corp.",686228,437204,8082,1.85,1.18,63.71,No,No,Consumer Cyclical,Specialty Retail,No,74379200,
2020-05-13,GME,"GameStop Corp.",791095,464415,36806,7.93,4.65,58.71,Yes,No,Consumer Cyclical,Specialty Retail,No,74379200,
2020-05-14,GME,"GameStop Corp.",660790,306288,47370,15.47,7.17,46.35,Yes,No,Consumer Cyclical,Specialty Retail,No,74379200,
2020-05-15,GME,"GameStop Corp.",579792,311016,14402,4.63,2.48,53.64,No,No,Consumer Cyclical,Specialty Retail,No,74379200,
2020-05-18,GME,"GameStop Corp.",674111,432982,31740,7.33,4.71,64.23,No,No,Consumer Cyclical,Specialty Retail,No,74379200,
2020-05-19,GME,"GameStop Corp.",566932,355862,9256,2.6,1.63,62.77,No,No,Consumer Cyclical,Specialty Retail,No,74379200,
2020-05-20,GME,"GameStop Corp.",643145,485890,6214,1.28,0.97,75.55,No,No,Consumer Cyclical,Specialty Retail,No,74379200,
2020-05-21,GME,"GameStop Corp.",453339,303449,11726,3.86,2.59,66.94,No,No,Consumer Cyclical,Specialty Retail,No,74379200,
2020-05-22,GME,"GameStop Corp.",746090,531888,13779,2.59,1.85,71.29,No,No,Consumer Cyclical,Specialty Retail,No,74379200,
2020-05-26,GME,"GameStop Corp.",1057928,618841,8449,1.37,0.8,58.5,No,No,Consumer Cyclical,Specialty Retail,No,74379200,
2020-05-27,GME,"GameStop Corp.",911799,524071,28489,5.44,3.12,57.48,No,No,Consumer Cyclical,Specialty Retail,No,74379200,
2020-05-28,GME,"GameStop Corp.",635048,332259,4665,1.4,0.73,52.32,No,No,Consumer Cyclical,Specialty Retail,No,74379200,
2020-05-29,GME,"GameStop Corp.",1485937,678246,3417,0.5,0.23,45.64,No,No,Consumer Cyclical,Specialty Retail,No,74379200,
2020-06-01,GME,"GameStop Corp.",740316,339020,50440,14.88,6.81,45.79,No,No,Consumer Cyclical,Specialty Retail,No,74379200,
2020-06-02,GME,"GameStop Corp.",665778,326665,6294,1.93,0.95,49.07,No,No,Consumer Cyclical,Specialty Retail,No,74379200,
2020-06-03,GME,"GameStop Corp.",748213,274775,11803,4.3,1.58,36.72,No,No,Consumer Cyclical,Specialty Retail,No,74379200,
2020-06-04,GME,"GameStop Corp.",842967,514637,13062,2.54,1.55,61.05,No,No,Consumer Cyclical,Specialty Retail,No,74379200,
2020-06-05,GME,"GameStop Corp.",1517608,774433,29354,3.79,1.93,51.03,No,No,Consumer Cyclical,Specialty Retail,No,74379200,
2020-06-08,GME,"GameStop Corp.",2811414,1415149,33900,2.4,1.21,50.34,No,No,Consumer Cyclical,Specialty Retail,No,74379200,
2020-06-09,GME,"GameStop Corp.",1753301,853785,26621,3.12,1.52,48.7,No,No,Consumer Cyclical,Specialty Retail,No,74379200,
2020-06-10,GME,"GameStop Corp.",2615131,1224898,50164,4.1,1.92,46.84,No,No,Consumer Cyclical,Specialty Retail,No,74379200,
2020-06-11,GME,"GameStop Corp.",1636959,494915,138622,28.01,8.47,30.23,Yes,No,Consumer Cyclical,Specialty Retail,No,74379200,
2020-06-12,GME,"GameStop Corp.",1375538,500772,236318,47.19,17.18,36.41,Yes,No,Consumer Cyclical,Specialty Retail,No,74379200,
2020-06-15,GME,"GameStop Corp.",1022806,493769,12084,2.45,1.18,48.28,No,No,Consumer Cyclical,Specialty Retail,No,74379200,
2020-06-16,GME,"GameStop Corp.",1055338,665367,5029,0.76,0.48,63.05,No,No,Consumer Cyclical,Specialty Retail,No,74379200,
2020-06-17,GME,"GameStop Corp.",1297918,772055,8198,1.06,0.63,59.48,No,No,Consumer Cyclical,Specialty Retail,No,74379200,
2020-06-18,GME,"GameStop Corp.",1195601,837045,10163,1.21,0.85,70.01,No,No,Consumer Cyclical,Specialty Retail,No,74379200,
2020-06-19,GME,"GameStop Corp.",4357649,1566490,6136,0.39,0.14,35.95,No,No,Consumer Cyclical,Specialty Retail,No,74379200,
2020-06-22,GME,"GameStop Corp.",1358871,263360,7493,2.85,0.55,19.38,No,No,Consumer Cyclical,Specialty Retail,No,74379200,
2020-06-23,GME,"GameStop Corp.",1363547,317193,8988,2.83,0.66,23.26,No,No,Consumer Cyclical,Specialty Retail,No,74379200,
2020-06-24,GME,"GameStop Corp.",968947,551478,8857,1.61,0.91,56.92,No,No,Consumer Cyclical,Specialty Retail,No,74379200,
2020-06-25,GME,"GameStop Corp.",725241,365944,11160,3.05,1.54,50.46,No,No,Consumer Cyclical,Specialty Retail,No,74379200,
2020-06-26,GME,"GameStop Corp.",1619443,688982,17380,2.52,1.07,42.54,No,No,Consumer Cyclical,Specialty Retail,No,74379200,
2020-06-29,GME,"GameStop Corp.",604338,317318,1078,0.34,0.18,52.51,No,No,Consumer Cyclical,Specialty Retail,No,74379200,
2020-06-30,GME,"GameStop Corp.",1573833,915310,31374,3.43,1.99,58.16,No,No,Consumer Cyclical,Specialty Retail,No,74379200,
2020-07-01,GME,"GameStop Corp.",794248,481343,3681,0.76,0.46,60.6,No,No,Consumer Cyclical,Specialty Retail,No,74379200,
2020-07-02,GME,"GameStop Corp.",693507,366701,12008,3.27,1.73,52.88,No,No,Consumer Cyclical,Specialty Retail,No,74379200,
2020-07-06,GME,"GameStop Corp.",628978,365206,11499,3.15,1.83,58.06,No,No,Consumer Cyclical,Specialty Retail,No,74379200,
2020-07-07,GME,"GameStop Corp.",740791,535492,2994,0.56,0.4,72.29,No,No,Consumer Cyclical,Specialty Retail,No,74379200,
2020-07-08,GME,"GameStop Corp.",363030,213976,3108,1.45,0.86,58.94,No,No,Consumer Cyclical,Specialty Retail,No,74379200,
2020-07-09,GME,"GameStop Corp.",341367,197566,191,0.1,0.06,57.87,No,No,Consumer Cyclical,Specialty Retail,No,74379200,
2020-07-10,GME,"GameStop Corp.",495932,269966,4939,1.83,1,54.44,No,No,Consumer Cyclical,Specialty Retail,No,74379200,
2020-07-13,GME,"GameStop Corp.",807069,439394,2275,0.52,0.28,54.44,No,No,Consumer Cyclical,Specialty Retail,No,74379200,
2020-07-14,GME,"GameStop Corp.",635217,365059,40,0.01,0.01,57.47,No,No,Consumer Cyclical,Specialty Retail,No,74379200,
2020-07-15,GME,"GameStop Corp.",481924,199267,10430,5.23,2.16,41.35,No,No,Consumer Cyclical,Specialty Retail,No,74379200,
2020-07-16,GME,"GameStop Corp.",457155,249739,5167,2.07,1.13,54.63,No,No,Consumer Cyclical,Specialty Retail,No,74379200,
2020-07-17,GME,"GameStop Corp.",856134,591745,4142,0.7,0.48,69.12,No,No,Consumer Cyclical,Specialty Retail,No,74379200,
2020-07-20,GME,"GameStop Corp.",963653,401050,5289,1.32,0.55,41.62,No,No,Consumer Cyclical,Specialty Retail,No,74379200,
2020-07-21,GME,"GameStop Corp.",1246250,359346,53570,14.91,4.3,28.83,No,No,Consumer Cyclical,Specialty Retail,No,74379200,
2020-07-22,GME,"GameStop Corp.",722483,234073,7155,3.06,0.99,32.4,No,No,Consumer Cyclical,Specialty Retail,No,74379200,
2020-07-23,GME,"GameStop Corp.",761577,348101,3859,1.11,0.51,45.71,No,No,Consumer Cyclical,Specialty Retail,No,74379200,
2020-07-24,GME,"GameStop Corp.",621499,323645,4073,1.26,0.66,52.07,No,No,Consumer Cyclical,Specialty Retail,No,74379200,
2020-07-27,GME,"GameStop Corp.",610902,298398,5417,1.82,0.89,48.85,No,No,Consumer Cyclical,Specialty Retail,No,74379200,
2020-07-28,GME,"GameStop Corp.",559249,298934,10459,3.5,1.87,53.45,No,No,Consumer Cyclical,Specialty Retail,No,74379200,
2020-07-29,GME,"GameStop Corp.",821427,421321,8499,2.02,1.03,51.29,No,No,Consumer Cyclical,Specialty Retail,No,74379200,
2020-07-30,GME,"GameStop Corp.",653498,367907,6777,1.84,1.04,56.3,No,No,Consumer Cyclical,Specialty Retail,No,74379200,
2020-07-31,GME,"GameStop Corp.",738824,404367,2628,0.65,0.36,54.73,No,No,Consumer Cyclical,Specialty Retail,No,74379200,
2020-08-03,GME,"GameStop Corp.",714878,343080,5104,1.49,0.71,47.99,No,No,Consumer Cyclical,Specialty Retail,No,74379200,
2020-08-04,GME,"GameStop Corp.",2280749,1169251,5066,0.43,0.22,51.27,No,No,Consumer Cyclical,Specialty Retail,No,74379200,
2020-08-05,GME,"GameStop Corp.",1232428,682070,4196,0.62,0.34,55.34,No,No,Consumer Cyclical,Specialty Retail,No,74379200,
2020-08-06,GME,"GameStop Corp.",551448,203409,7378,3.63,1.34,36.89,No,No,Consumer Cyclical,Specialty Retail,No,74379200,
2020-08-07,GME,"GameStop Corp.",797415,399194,2959,0.74,0.37,50.06,No,No,Consumer Cyclical,Specialty Retail,No,74379200,
2020-08-10,GME,"GameStop Corp.",1295721,667909,810,0.12,0.06,51.55,No,No,Consumer Cyclical,Specialty Retail,No,74379200,
2020-08-11,GME,"GameStop Corp.",887038,439588,3330,0.76,0.38,49.56,No,No,Consumer Cyclical,Specialty Retail,No,74379200,
2020-08-12,GME,"GameStop Corp.",922228,382219,4665,1.22,0.51,41.45,No,No,Consumer Cyclical,Specialty Retail,No,74379200,
2020-08-13,GME,"GameStop Corp.",621757,350409,25447,7.26,4.09,56.36,No,No,Consumer Cyclical,Specialty Retail,No,74379200,
2020-08-14,GME,"GameStop Corp.",944883,375183,2344,0.62,0.25,39.71,No,No,Consumer Cyclical,Specialty Retail,No,74379200,
2020-08-17,GME,"GameStop Corp.",631498,330885,1103,0.33,0.17,52.4,No,No,Consumer Cyclical,Specialty Retail,No,74379200,
2020-08-18,GME,"GameStop Corp.",1332904,720630,2069,0.29,0.16,54.06,No,No,Consumer Cyclical,Specialty Retail,No,74379200,
2020-08-19,GME,"GameStop Corp.",1145528,623360,1016,0.16,0.09,54.42,No,No,Consumer Cyclical,Specialty Retail,No,74379200,
2020-08-20,GME,"GameStop Corp.",961684,459899,2996,0.65,0.31,47.82,No,No,Consumer Cyclical,Specialty Retail,No,74379200,
2020-08-21,GME,"GameStop Corp.",2227260,1227242,38442,3.13,1.73,55.1,No,No,Consumer Cyclical,Specialty Retail,No,74379200,
2020-08-24,GME,"GameStop Corp.",1200650,533980,7355,1.38,0.61,44.47,No,No,Consumer Cyclical,Specialty Retail,No,74379200,
2020-08-25,GME,"GameStop Corp.",744795,326464,4630,1.42,0.62,43.83,No,No,Consumer Cyclical,Specialty Retail,No,74379200,
2020-08-26,GME,"GameStop Corp.",739856,365942,9162,2.5,1.24,49.46,No,No,Consumer Cyclical,Specialty Retail,No,74379200,
2020-08-27,GME,"GameStop Corp.",1078736,569931,1737,0.3,0.16,52.83,No,No,Consumer Cyclical,Specialty Retail,No,74379200,
2020-08-28,GME,"GameStop Corp.",1334612,710840,4393,0.62,0.33,53.26,No,No,Consumer Cyclical,Specialty Retail,No,74379200,
2020-08-31,GME,"GameStop Corp.",5920191,3145900,59419,1.89,1,53.14,No,No,Consumer Cyclical,Specialty Retail,No,74379200,
2020-09-01,GME,"GameStop Corp.",4034007,1566324,74437,4.75,1.85,38.83,No,No,Consumer Cyclical,Specialty Retail,No,74379200,
2020-09-02,GME,"GameStop Corp.",2529488,1366432,10509,0.77,0.42,54.02,No,No,Consumer Cyclical,Specialty Retail,No,74379200,
2020-09-03,GME,"GameStop Corp.",2966865,1315269,19101,1.45,0.64,44.33,No,No,Consumer Cyclical,Specialty Retail,No,74379200,
2020-09-04,GME,"GameStop Corp.",1537029,596660,15606,2.62,1.02,38.82,No,No,Consumer Cyclical,Specialty Retail,No,74379200,
2020-09-08,GME,"GameStop Corp.",1871800,640255,13772,2.15,0.74,34.21,No,No,Consumer Cyclical,Specialty Retail,No,74379200,
2020-09-09,GME,"GameStop Corp.",1407576,605434,3449,0.57,0.25,43.01,No,No,Consumer Cyclical,Specialty Retail,No,74379200,
2020-09-10,GME,"GameStop Corp.",3905865,1318746,198011,15.02,5.07,33.76,Yes,No,Consumer Cyclical,Specialty Retail,No,74379200,
2020-09-11,GME,"GameStop Corp.",1243919,478399,40824,8.53,3.28,38.46,Yes,No,Consumer Cyclical,Specialty Retail,No,74379200,
2020-09-14,GME,"GameStop Corp.",2394437,1482534,47116,3.18,1.97,61.92,No,No,Consumer Cyclical,Specialty Retail,No,74379200,
2020-09-15,GME,"GameStop Corp.",1253340,695973,16626,2.39,1.33,55.53,No,No,Consumer Cyclical,Specialty Retail,No,74379200,
2020-09-16,GME,"GameStop Corp.",3294986,1906469,33130,1.74,1.01,57.86,No,No,Consumer Cyclical,Specialty Retail,No,74379200,
2020-09-17,GME,"GameStop Corp.",2962691,1437797,40131,2.79,1.35,48.53,No,No,Consumer Cyclical,Specialty Retail,No,74379200,
2020-09-18,GME,"GameStop Corp.",7017324,3036768,213553,7.03,3.04,43.28,No,No,Consumer Cyclical,Specialty Retail,No,74379200,
2020-09-21,GME,"GameStop Corp.",2144576,1011292,134709,13.32,6.28,47.16,Yes,No,Consumer Cyclical,Specialty Retail,No,74379200,
2020-09-22,GME,"GameStop Corp.",5531309,2546912,822123,32.28,14.86,46.05,Yes,No,Consumer Cyclical,Specialty Retail,No,74379200,
2020-09-23,GME,"GameStop Corp.",2587386,1201504,36157,3.01,1.4,46.44,No,No,Consumer Cyclical,Specialty Retail,No,74379200,
2020-09-24,GME,"GameStop Corp.",1584807,390255,90550,23.2,5.71,24.62,Yes,No,Consumer Cyclical,Specialty Retail,No,74379200,
2020-09-25,GME,"GameStop Corp.",1266300,342353,73238,21.39,5.78,27.04,Yes,No,Consumer Cyclical,Specialty Retail,No,74379200,
2020-09-28,GME,"GameStop Corp.",1194263,630457,12655,2.01,1.06,52.79,No,No,Consumer Cyclical,Specialty Retail,No,74379200,
2020-09-29,GME,"GameStop Corp.",914601,467398,19060,4.08,2.08,51.1,No,No,Consumer Cyclical,Specialty Retail,No,74379200,
2020-09-30,GME,"GameStop Corp.",1219535,662882,15985,2.41,1.31,54.36,No,No,Consumer Cyclical,Specialty Retail,No,74379200,
2020-10-01,GME,"GameStop Corp.",900913,432890,9185,2.12,1.02,48.05,No,No,Consumer Cyclical,Specialty Retail,No,74379200,
2020-10-02,GME,"GameStop Corp.",1082299,394166,16244,4.12,1.5,36.42,No,No,Consumer Cyclical,Specialty Retail,No,74379200,
2020-10-05,GME,"GameStop Corp.",546939,337061,5170,1.53,0.95,61.63,No,No,Consumer Cyclical,Specialty Retail,No,74379200,
2020-10-06,GME,"GameStop Corp.",922562,460243,7791,1.69,0.84,49.89,No,No,Consumer Cyclical,Specialty Retail,No,74379200,
2020-10-07,GME,"GameStop Corp.",597594,356548,8672,2.43,1.45,59.66,No,No,Consumer Cyclical,Specialty Retail,No,74379200,
2020-10-08,GME,"GameStop Corp.",11278527,6269035,341650,5.45,3.03,55.58,No,No,Consumer Cyclical,Specialty Retail,No,74379200,
2020-10-09,GME,"GameStop Corp.",11429888,5318668,2324951,43.71,20.34,46.53,Yes,No,Consumer Cyclical,Specialty Retail,No,74379200,
2020-10-12,GME,"GameStop Corp.",3617589,1956945,807466,41.26,22.32,54.1,Yes,No,Consumer Cyclical,Specialty Retail,No,74379200,
2020-10-13,GME,"GameStop Corp.",1810437,1037644,39290,3.79,2.17,57.31,No,No,Consumer Cyclical,Specialty Retail,No,74379200,
2020-10-14,GME,"GameStop Corp.",1588752,960816,22168,2.31,1.4,60.48,No,No,Consumer Cyclical,Specialty Retail,No,74379200,
2020-10-15,GME,"GameStop Corp.",6311993,3313777,174219,5.26,2.76,52.5,No,No,Consumer Cyclical,Specialty Retail,No,74379200,
2020-10-16,GME,"GameStop Corp.",2362887,894377,35282,3.94,1.49,37.85,No,No,Consumer Cyclical,Specialty Retail,No,74379200,
2020-10-19,GME,"GameStop Corp.",2077558,1241511,46346,3.73,2.23,59.76,No,No,Consumer Cyclical,Specialty Retail,No,74379200,
2020-10-20,GME,"GameStop Corp.",1431297,834815,14006,1.68,0.98,58.33,No,No,Consumer Cyclical,Specialty Retail,No,74379200,
2020-10-21,GME,"GameStop Corp.",930568,515279,23366,4.53,2.51,55.37,No,No,Consumer Cyclical,Specialty Retail,No,74379200,
2020-10-22,GME,"GameStop Corp.",3074120,1334584,29220,2.19,0.95,43.41,No,No,Consumer Cyclical,Specialty Retail,No,74379200,
2020-10-23,GME,"GameStop Corp.",1227824,608854,17890,2.94,1.46,49.59,No,No,Consumer Cyclical,Specialty Retail,No,74379200,
2020-10-26,GME,"GameStop Corp.",2864290,1147811,111025,9.67,3.88,40.07,Yes,No,Consumer Cyclical,Specialty Retail,No,74379200,
2020-10-27,GME,"GameStop Corp.",1634011,675300,252882,37.45,15.48,41.33,Yes,No,Consumer Cyclical,Specialty Retail,No,74379200,
2020-10-28,GME,"GameStop Corp.",1238677,526691,26311,5,2.12,42.52,No,No,Consumer Cyclical,Specialty Retail,No,74379200,
2020-10-29,GME,"GameStop Corp.",783817,426335,12598,2.95,1.61,54.39,No,No,Consumer Cyclical,Specialty Retail,No,74379200,
2020-10-30,GME,"GameStop Corp.",3058210,1757365,164139,9.34,5.37,57.46,Yes,No,Consumer Cyclical,Specialty Retail,No,74379200,
2020-11-02,GME,"GameStop Corp.",1360195,514757,123500,23.99,9.08,37.84,No,No,Consumer Cyclical,Specialty Retail,No,74379200,
2020-11-03,GME,"GameStop Corp.",1879749,930104,4893,0.53,0.26,49.48,No,No,Consumer Cyclical,Specialty Retail,No,74379200,
2020-11-04,GME,"GameStop Corp.",1357778,813529,13405,1.65,0.99,59.92,No,No,Consumer Cyclical,Specialty Retail,No,74379200,
2020-11-05,GME,"GameStop Corp.",977849,637678,4756,0.75,0.49,65.21,No,No,Consumer Cyclical,Specialty Retail,No,74379200,
2020-11-06,GME,"GameStop Corp.",1074460,681745,8776,1.29,0.82,63.45,No,No,Consumer Cyclical,Specialty Retail,No,74379200,
2020-11-09,GME,"GameStop Corp.",1470035,996477,7992,0.8,0.54,67.79,No,No,Consumer Cyclical,Specialty Retail,No,74379200,
2020-11-10,GME,"GameStop Corp.",1081624,574724,20029,3.48,1.85,53.14,No,No,Consumer Cyclical,Specialty Retail,No,74379200,
2020-11-11,GME,"GameStop Corp.",986293,670401,4915,0.73,0.5,67.97,No,No,Consumer Cyclical,Specialty Retail,No,74379200,
2020-11-12,GME,"GameStop Corp.",938986,640191,9335,1.46,0.99,68.18,No,No,Consumer Cyclical,Specialty Retail,No,74379200,
2020-11-13,GME,"GameStop Corp.",828002,514914,12163,2.36,1.47,62.19,No,No,Consumer Cyclical,Specialty Retail,No,74379200,
2020-11-16,GME,"GameStop Corp.",1842492,1042147,15982,1.53,0.87,56.56,No,No,Consumer Cyclical,Specialty Retail,No,74379200,
2020-11-17,GME,"GameStop Corp.",1175278,363760,14503,3.99,1.23,30.95,No,No,Consumer Cyclical,Specialty Retail,No,74379200,
2020-11-18,GME,"GameStop Corp.",728410,311044,2735,0.88,0.38,42.7,No,No,Consumer Cyclical,Specialty Retail,No,74379200,
2020-11-19,GME,"GameStop Corp.",2181493,1501969,3835,0.26,0.18,68.85,No,No,Consumer Cyclical,Specialty Retail,No,74379200,
2020-11-20,GME,"GameStop Corp.",1370824,797891,17297,2.17,1.26,58.21,No,No,Consumer Cyclical,Specialty Retail,No,74379200,
2020-11-23,GME,"GameStop Corp.",1951040,1161040,6712,0.58,0.34,59.51,No,No,Consumer Cyclical,Specialty Retail,No,74379200,
2020-11-24,GME,"GameStop Corp.",1442066,729600,5049,0.69,0.35,50.59,No,No,Consumer Cyclical,Specialty Retail,No,74379200,
2020-11-25,GME,"GameStop Corp.",1912512,943083,7654,0.81,0.4,49.31,No,No,Consumer Cyclical,Specialty Retail,No,74379200,
2020-11-27,GME,"GameStop Corp.",2749046,1162449,22943,1.97,0.83,42.29,No,No,Consumer Cyclical,Specialty Retail,No,74379200,
2020-11-30,GME,"GameStop Corp.",6755928,2540950,58124,2.29,0.86,37.61,No,No,Consumer Cyclical,Specialty Retail,No,74379200,
2020-12-01,GME,"GameStop Corp.",3316946,929802,16382,1.76,0.49,28.03,No,No,Consumer Cyclical,Specialty Retail,No,74379200,
2020-12-02,GME,"GameStop Corp.",1526301,520251,8449,1.62,0.55,34.09,No,No,Consumer Cyclical,Specialty Retail,No,74379200,
2020-12-03,GME,"GameStop Corp.",1014013,325596,11488,3.53,1.13,32.11,No,No,Consumer Cyclical,Specialty Retail,No,74379200,
2020-12-04,GME,"GameStop Corp.",1499878,551308,19574,3.55,1.31,36.76,No,No,Consumer Cyclical,Specialty Retail,No,74379200,
2020-12-07,GME,"GameStop Corp.",1559306,539650,20081,3.72,1.29,34.61,No,No,Consumer Cyclical,Specialty Retail,No,74379200,
2020-12-08,GME,"GameStop Corp.",1633428,530561,33175,6.25,2.03,32.48,No,No,Consumer Cyclical,Specialty Retail,No,74379200,
2020-12-09,GME,"GameStop Corp.",4130210,1028545,172969,16.82,4.19,24.9,Yes,No,Consumer Cyclical,Specialty Retail,No,74379200,
2020-12-10,GME,"GameStop Corp.",1433477,442464,170455,38.52,11.89,30.87,Yes,No,Consumer Cyclical,Specialty Retail,No,74379200,
2020-12-11,GME,"GameStop Corp.",1656810,515183,30984,6.01,1.87,31.09,No,No,Consumer Cyclical,Specialty Retail,No,74379200,
2020-12-14,GME,"GameStop Corp.",2309241,784242,38841,4.95,1.68,33.96,No,No,Consumer Cyclical,Specialty Retail,No,74379200,
2020-12-15,GME,"GameStop Corp.",1393648,572635,10048,1.75,0.72,41.09,No,No,Consumer Cyclical,Specialty Retail,No,74379200,
2020-12-16,GME,"GameStop Corp.",1250107,611136,13942,2.28,1.12,48.89,No,No,Consumer Cyclical,Specialty Retail,No,74379200,
2020-12-17,GME,"GameStop Corp.",1906656,712856,10769,1.51,0.56,37.39,No,No,Consumer Cyclical,Specialty Retail,No,74379200,
2020-12-18,GME,"GameStop Corp.",4611532,1770485,64257,3.63,1.39,38.39,No,No,Consumer Cyclical,Specialty Retail,No,74379200,
2020-12-21,GME,"GameStop Corp.",1856886,1192038,9515,0.8,0.51,64.2,No,No,Consumer Cyclical,Specialty Retail,No,74379200,
2020-12-22,GME,"GameStop Corp.",5054405,2442518,82778,3.39,1.64,48.32,No,No,Consumer Cyclical,Specialty Retail,No,74379200,
2020-12-23,GME,"GameStop Corp.",4471525,2057074,44523,2.16,1,46,No,No,Consumer Cyclical,Specialty Retail,No,74379200,
2020-12-24,GME,"GameStop Corp.",948938,501525,9945,1.98,1.05,52.85,No,No,Consumer Cyclical,Specialty Retail,No,74379200,
2020-12-28,GME,"GameStop Corp.",1479719,860694,19757,2.3,1.34,58.17,No,No,Consumer Cyclical,Specialty Retail,No,74379200,
2020-12-29,GME,"GameStop Corp.",1439402,621076,99193,15.97,6.89,43.15,Yes,No,Consumer Cyclical,Specialty Retail,No,74379200,
2020-12-30,GME,"GameStop Corp.",1084088,493854,142767,28.91,13.17,45.55,Yes,No,Consumer Cyclical,Specialty Retail,No,74379200,
2020-12-31,GME,"GameStop Corp.",1262203,512949,19996,3.9,1.58,40.64,No,No,Consumer Cyclical,Specialty Retail,No,74379200,
2021-01-04,GME,"GameStop Corp.",1803416,955718,32333,3.38,1.79,52.99,No,No,Consumer Cyclical,Specialty Retail,No,74379200,
2021-01-05,GME,"GameStop Corp.",884685,272132,20327,7.47,2.3,30.76,No,No,Consumer Cyclical,Specialty Retail,No,74379200,
2021-01-06,GME,"GameStop Corp.",1033370,431132,9888,2.29,0.96,41.72,No,No,Consumer Cyclical,Specialty Retail,No,74379200,
2021-01-07,GME,"GameStop Corp.",1002401,384510,12933,3.36,1.29,38.36,No,No,Consumer Cyclical,Specialty Retail,No,74379200,
2021-01-08,GME,"GameStop Corp.",1100941,489651,7227,1.48,0.66,44.48,No,No,Consumer Cyclical,Specialty Retail,No,74379200,
2021-01-11,GME,"GameStop Corp.",2585910,1394318,43900,3.15,1.7,53.92,No,No,Consumer Cyclical,Specialty Retail,No,74379200,
2021-01-12,GME,"GameStop Corp.",1674844,620703,13570,2.19,0.81,37.06,No,No,Consumer Cyclical,Specialty Retail,No,74379200,
2021-01-13,GME,"GameStop Corp.",17711388,9149888,294475,3.22,1.66,51.66,No,No,Consumer Cyclical,Specialty Retail,No,74379200,
2021-01-14,GME,"GameStop Corp.",12554739,4921033,166077,3.37,1.32,39.2,No,No,Consumer Cyclical,Specialty Retail,No,74379200,
2021-01-15,GME,"GameStop Corp.",6292938,2241030,294666,13.15,4.68,35.61,Yes,No,Consumer Cyclical,Specialty Retail,No,74379200,
2021-01-19,GME,"GameStop Corp.",9369785,3852076,540675,14.04,5.77,41.11,Yes,No,Consumer Cyclical,Specialty Retail,No,74379200,
2021-01-20,GME,"GameStop Corp.",4638115,1958628,38342,1.96,0.83,42.23,No,No,Consumer Cyclical,Specialty Retail,No,74379200,
2021-01-21,GME,"GameStop Corp.",7086824,3508803,91684,2.61,1.29,49.51,No,No,Consumer Cyclical,Specialty Retail,No,74379200,
2021-01-22,GME,"GameStop Corp.",30215689,16276423,525702,3.23,1.74,53.87,No,No,Consumer Cyclical,Specialty Retail,No,74379200,
2021-01-25,GME,"GameStop Corp.",35743932,18700258,665553,3.56,1.86,52.32,No,No,Consumer Cyclical,Specialty Retail,No,74379200,
2021-01-26,GME,"GameStop Corp.",27467741,12979854,454669,3.5,1.66,47.25,No,No,Consumer Cyclical,Specialty Retail,No,74379200,
2021-01-27,GME,"GameStop Corp.",17673120,9644816,477941,4.96,2.7,54.57,No,No,Consumer Cyclical,Specialty Retail,No,74379200,
2021-01-28,GME,"GameStop Corp.",15015809,6220382,2740371,44.05,18.25,41.43,Yes,No,Consumer Cyclical,Specialty Retail,No,74379200,
2021-01-29,GME,"GameStop Corp.",12194403,5040288,1842317,36.55,15.11,41.33,Yes,No,Consumer Cyclical,Specialty Retail,No,74379200,
2021-02-01,GME,"GameStop Corp.",7932635,3709724,1278986,34.48,16.12,46.77,Yes,No,Consumer Cyclical,Specialty Retail,No,74379200,
2021-02-02,GME,"GameStop Corp.",15561140,6121600,2314742,37.81,14.88,39.34,Yes,No,Consumer Cyclical,Specialty Retail,No,74379200,
2021-02-03,GME,"GameStop Corp.",6920859,2645225,1046417,39.56,15.12,38.22,Yes,No,Consumer Cyclical,Specialty Retail,No,74379200,
2021-02-04,GME,"GameStop Corp.",10410694,4782114,1664935,34.82,15.99,45.93,Yes,No,Consumer Cyclical,Specialty Retail,No,74379200,
2021-02-05,GME,"GameStop Corp.",15556865,6957500,2955623,42.48,19,44.72,Yes,No,Consumer Cyclical,Specialty Retail,No,74379200,
2021-02-08,GME,"GameStop Corp.",4050831,2486509,97564,3.92,2.41,61.38,No,No,Consumer Cyclical,Specialty Retail,No,74379200,
2021-02-09,GME,"GameStop Corp.",4264773,2070248,706077,34.11,16.56,48.54,Yes,No,Consumer Cyclical,Specialty Retail,No,74379200,
2021-02-10,GME,"GameStop Corp.",5569779,1706430,343577,20.13,6.17,30.64,Yes,No,Consumer Cyclical,Specialty Retail,No,74379200,
2021-02-11,GME,"GameStop Corp.",2202631,907435,154478,17.02,7.01,41.2,No,No,Consumer Cyclical,Specialty Retail,No,74379200,
2021-02-12,GME,"GameStop Corp.",2726194,1012527,117803,11.63,4.32,37.14,No,No,Consumer Cyclical,Specialty Retail,No,74379200,
2021-02-16,GME,"GameStop Corp.",1355731,808325,36140,4.47,2.67,59.62,No,No,Consumer Cyclical,Specialty Retail,No,74379200,
2021-02-17,GME,"GameStop Corp.",1701854,1138214,36575,3.21,2.15,66.88,No,No,Consumer Cyclical,Specialty Retail,No,74379200,
2021-02-18,GME,"GameStop Corp.",4088175,2154045,87477,4.06,2.14,52.69,Yes,No,Consumer Cyclical,Specialty Retail,No,74379200,
2021-02-19,GME,"GameStop Corp.",2786236,944117,136361,14.44,4.89,33.89,Yes,No,Consumer Cyclical,Specialty Retail,No,74379200,
2021-02-22,GME,"GameStop Corp.",3478939,1921488,62285,3.24,1.79,55.23,No,No,Consumer Cyclical,Specialty Retail,No,74379200,
2021-02-23,GME,"GameStop Corp.",1367219,686833,105308,15.33,7.7,50.24,Yes,No,Consumer Cyclical,Specialty Retail,No,74379200,
2021-02-24,GME,"GameStop Corp.",9760771,4597439,1599142,34.78,16.38,47.1,Yes,No,Consumer Cyclical,Specialty Retail,No,74379200,
2021-02-25,GME,"GameStop Corp.",26040194,15967193,621797,3.89,2.39,61.32,No,No,Consumer Cyclical,Specialty Retail,No,74379200,
2021-02-26,GME,"GameStop Corp.",18334928,10101090,1833977,18.16,10,55.09,Yes,No,Consumer Cyclical,Specialty Retail,No,74379200,
2021-03-01,GME,"GameStop Corp.",7871561,3704267,1199939,32.39,15.24,47.06,No,No,Consumer Cyclical,Specialty Retail,No,74379200,
2021-03-02,GME,"GameStop Corp.",5217441,3042207,72209,2.37,1.38,58.31,No,No,Consumer Cyclical,Specialty Retail,No,74379200,
2021-03-03,GME,"GameStop Corp.",2825942,1759708,59790,3.4,2.12,62.27,No,No,Consumer Cyclical,Specialty Retail,No,74379200,
2021-03-04,GME,"GameStop Corp.",5625247,3183735,102911,3.23,1.83,56.6,No,No,Consumer Cyclical,Specialty Retail,No,74379200,
2021-03-05,GME,"GameStop Corp.",5165603,3010055,71019,2.36,1.37,58.27,No,No,Consumer Cyclical,Specialty Retail,No,74379200,
2021-03-08,GME,"GameStop Corp.",11900946,6639739,165758,2.5,1.39,55.79,No,No,Consumer Cyclical,Specialty Retail,No,74379200,
2021-03-09,GME,"GameStop Corp.",7077641,4265706,113599,2.66,1.61,60.27,No,No,Consumer Cyclical,Specialty Retail,No,74379200,
2021-03-10,GME,"GameStop Corp.",17875123,9372954,1604716,17.12,8.98,52.44,Yes,No,Consumer Cyclical,Specialty Retail,No,74379200,
2021-03-11,GME,"GameStop Corp.",5657590,2895431,643605,22.23,11.38,51.18,Yes,No,Consumer Cyclical,Specialty Retail,No,74379200,
2021-03-12,GME,"GameStop Corp.",5274577,2595399,513283,19.78,9.73,49.21,Yes,No,Consumer Cyclical,Specialty Retail,No,74379200,
2021-03-15,GME,"GameStop Corp.",4699640,2679354,469887,17.54,10,57.01,Yes,No,Consumer Cyclical,Specialty Retail,No,74379200,
2021-03-16,GME,"GameStop Corp.",6564963,3508265,955963,27.25,14.56,53.44,Yes,No,Consumer Cyclical,Specialty Retail,No,74379200,
2021-03-17,GME,"GameStop Corp.",3006765,1592497,328869,20.65,10.94,52.96,Yes,No,Consumer Cyclical,Specialty Retail,No,74379200,
2021-03-18,GME,"GameStop Corp.",2350576,1700350,25347,1.49,1.08,72.34,No,No,Consumer Cyclical,Specialty Retail,No,74379200,
2021-03-19,GME,"GameStop Corp.",5758351,2993113,63012,2.11,1.09,51.98,No,No,Consumer Cyclical,Specialty Retail,No,74379200,
2021-03-22,GME,"GameStop Corp.",2186329,1390711,23313,1.68,1.07,63.61,No,No,Consumer Cyclical,Specialty Retail,No,74379200,
2021-03-23,GME,"GameStop Corp.",2201739,1518337,26083,1.72,1.18,68.96,No,No,Consumer Cyclical,Specialty Retail,No,74379200,
2021-03-24,GME,"GameStop Corp.",4290121,2228726,324083,14.54,7.55,51.95,Yes,No,Consumer Cyclical,Specialty Retail,No,74379200,
2021-03-25,GME,"GameStop Corp.",10188503,5307629,828473,15.61,8.13,52.09,Yes,No,Consumer Cyclical,Specialty Retail,No,74379200,
2021-03-26,GME,"GameStop Corp.",6861227,4215341,214052,5.08,3.12,61.44,Yes,No,Consumer Cyclical,Specialty Retail,No,74379200,
2021-03-29,GME,"GameStop Corp.",1802027,907091,160572,17.7,8.91,50.34,Yes,No,Consumer Cyclical,Specialty Retail,No,74379200,
2021-03-30,GME,"GameStop Corp.",2822339,1607555,36394,2.26,1.29,56.96,No,No,Consumer Cyclical,Specialty Retail,No,74379200,
2021-03-31,GME,"GameStop Corp.",1454838,865659,34682,4.01,2.38,59.5,No,No,Consumer Cyclical,Specialty Retail,No,74379200,
2021-04-01,GME,"GameStop Corp.",1536062,855284,15567,1.82,1.01,55.68,No,No,Consumer Cyclical,Specialty Retail,No,74379200,
2021-04-05,GME,"GameStop Corp.",2656702,1222419,93177,7.62,3.51,46.01,Yes,No,Consumer Cyclical,Specialty Retail,No,74379200,
2021-04-06,GME,"GameStop Corp.",1044220,423687,38280,9.03,3.67,40.57,Yes,No,Consumer Cyclical,Specialty Retail,No,74379200,
2021-04-07,GME,"GameStop Corp.",932833,647155,10948,1.69,1.17,69.38,No,No,Consumer Cyclical,Specialty Retail,No,74379200,
2021-04-08,GME,"GameStop Corp.",1865470,1097551,19231,1.75,1.03,58.84,No,No,Consumer Cyclical,Specialty Retail,No,74379200,
2021-04-09,GME,"GameStop Corp.",1730757,1004830,77700,7.73,4.49,58.06,Yes,No,Consumer Cyclical,Specialty Retail,No,74379200,
2021-04-12,GME,"GameStop Corp.",3205211,1405336,196470,13.98,6.13,43.85,Yes,No,Consumer Cyclical,Specialty Retail,No,74379200,
2021-04-13,GME,"GameStop Corp.",1381654,673834,103721,15.39,7.51,48.77,Yes,No,Consumer Cyclical,Specialty Retail,No,74379200,
2021-04-14,GME,"GameStop Corp.",3902364,2303419,51740,2.25,1.33,59.03,No,No,Consumer Cyclical,Specialty Retail,No,74379200,
2021-04-15,GME,"GameStop Corp.",1563574,1041372,21383,2.05,1.37,66.6,No,No,Consumer Cyclical,Specialty Retail,No,74379200,
2021-04-16,GME,"GameStop Corp.",957099,660472,19202,2.91,2.01,69.01,No,No,Consumer Cyclical,Specialty Retail,No,74379200,
2021-04-19,GME,"GameStop Corp.",2120121,1339654,26435,1.97,1.25,63.19,No,No,Consumer Cyclical,Specialty Retail,No,74379200,
2021-04-20,GME,"GameStop Corp.",1026482,724510,14197,1.96,1.38,70.58,No,No,Consumer Cyclical,Specialty Retail,No,74379200,
2021-04-21,GME,"GameStop Corp.",834713,483585,7912,1.64,0.95,57.93,No,No,Consumer Cyclical,Specialty Retail,No,74379200,
2021-04-22,GME,"GameStop Corp.",1090948,756588,17499,2.31,1.6,69.35,No,No,Consumer Cyclical,Specialty Retail,No,74379200,
2021-04-23,GME,"GameStop Corp.",905797,583202,18726,3.21,2.07,64.39,No,No,Consumer Cyclical,Specialty Retail,No,74379200,
2021-04-26,GME,"GameStop Corp.",1598683,1004489,18974,1.89,1.19,62.83,No,No,Consumer Cyclical,Specialty Retail,No,74379200,
2021-04-27,GME,"GameStop Corp.",1588181,1126312,16884,1.5,1.06,70.92,No,No,Consumer Cyclical,Specialty Retail,No,74379200,
2021-04-28,GME,"GameStop Corp.",1192397,787217,8743,1.11,0.73,66.02,No,No,Consumer Cyclical,Specialty Retail,No,74379200,
2021-04-29,GME,"GameStop Corp.",835168,574695,11496,2,1.38,68.81,No,No,Consumer Cyclical,Specialty Retail,No,74379200,
2021-04-30,GME,"GameStop Corp.",955621,572152,16665,2.91,1.74,59.87,No,No,Consumer Cyclical,Specialty Retail,No,74379200,
2021-05-03,GME,"GameStop Corp.",1203374,713794,29321,4.11,2.44,59.32,No,No,Consumer Cyclical,Specialty Retail,No,74379200,
2021-05-04,GME,"GameStop Corp.",923529,707492,7901,1.12,0.86,76.61,No,No,Consumer Cyclical,Specialty Retail,No,74379200,
2021-05-05,GME,"GameStop Corp.",585388,436514,7833,1.79,1.34,74.57,No,No,Consumer Cyclical,Specialty Retail,No,74379200,
2021-05-06,GME,"GameStop Corp.",687745,529102,10810,2.04,1.57,76.93,No,No,Consumer Cyclical,Specialty Retail,No,74379200,
2021-05-07,GME,"GameStop Corp.",725740,496063,9183,1.85,1.27,68.35,No,No,Consumer Cyclical,Specialty Retail,No,74379200,
2021-05-10,GME,"GameStop Corp.",1235716,918597,23822,2.59,1.93,74.34,Yes,No,Consumer Cyclical,Specialty Retail,No,74379200,
2021-05-11,GME,"GameStop Corp.",1128830,664597,90272,13.58,8,58.87,Yes,No,Consumer Cyclical,Specialty Retail,No,74379200,
2021-05-12,GME,"GameStop Corp.",553796,400350,3413,0.85,0.62,72.29,No,No,Consumer Cyclical,Specialty Retail,No,74379200,
2021-05-13,GME,"GameStop Corp.",1825739,1232566,21607,1.75,1.18,67.51,No,No,Consumer Cyclical,Specialty Retail,No,74379200,
2021-05-14,GME,"GameStop Corp.",940168,666119,12152,1.82,1.29,70.85,No,No,Consumer Cyclical,Specialty Retail,No,74379200,
2021-05-17,GME,"GameStop Corp.",1860018,1245884,27935,2.24,1.5,66.98,No,No,Consumer Cyclical,Specialty Retail,No,74379200,
2021-05-18,GME,"GameStop Corp.",1564845,990632,15017,1.52,0.96,63.31,No,No,Consumer Cyclical,Specialty Retail,No,74379200,
2021-05-19,GME,"GameStop Corp.",1072358,740288,9629,1.3,0.9,69.03,No,No,Consumer Cyclical,Specialty Retail,No,74379200,
2021-05-20,GME,"GameStop Corp.",631760,446142,9006,2.02,1.43,70.62,No,No,Consumer Cyclical,Specialty Retail,No,74379200,
2021-05-21,GME,"GameStop Corp.",776579,512932,8189,1.6,1.05,66.05,No,No,Consumer Cyclical,Specialty Retail,No,74379200,
2021-05-24,GME,"GameStop Corp.",984003,696084,8602,1.24,0.87,70.74,No,No,Consumer Cyclical,Specialty Retail,No,74379200,
2021-05-25,GME,"GameStop Corp.",2798972,1803843,27561,1.53,0.98,64.45,No,No,Consumer Cyclical,Specialty Retail,No,74379200,
2021-05-26,GME,"GameStop Corp.",3713425,2409013,45686,1.9,1.23,64.87,No,No,Consumer Cyclical,Specialty Retail,No,74379200,
2021-05-27,GME,"GameStop Corp.",3251138,1940776,51964,2.68,1.6,59.7,No,No,Consumer Cyclical,Specialty Retail,No,74379200,
2021-05-28,GME,"GameStop Corp.",2197807,1312529,66309,5.05,3.02,59.72,Yes,No,Consumer Cyclical,Specialty Retail,No,74379200,
2021-06-01,GME,"GameStop Corp.",2089167,989304,183092,18.51,8.76,47.35,No,No,Consumer Cyclical,Specialty Retail,No,74379200,
2021-06-02,GME,"GameStop Corp.",3007008,1899466,24892,1.31,0.83,63.17,No,No,Consumer Cyclical,Specialty Retail,No,74379200,
2021-06-03,GME,"GameStop Corp.",1575043,822679,114027,13.86,7.24,52.23,Yes,No,Consumer Cyclical,Specialty Retail,No,74379200,
2021-06-04,GME,"GameStop Corp.",856090,441890,61925,14.01,7.23,51.62,Yes,No,Consumer Cyclical,Specialty Retail,No,74379200,
2021-06-07,GME,"GameStop Corp.",1187697,776301,5868,0.76,0.49,65.36,No,No,Consumer Cyclical,Specialty Retail,No,74379200,
2021-06-08,GME,"GameStop Corp.",3367425,1859571,28659,1.54,0.85,55.22,No,No,Consumer Cyclical,Specialty Retail,No,74379200,
2021-06-09,GME,"GameStop Corp.",1799976,1143713,14968,1.31,0.83,63.54,No,No,Consumer Cyclical,Specialty Retail,No,74379200,
2021-06-10,GME,"GameStop Corp.",3800928,1638379,277830,16.96,7.31,43.1,Yes,No,Consumer Cyclical,Specialty Retail,No,74379200,
2021-06-11,GME,"GameStop Corp.",2730250,1185417,207495,17.5,7.6,43.42,Yes,No,Consumer Cyclical,Specialty Retail,No,74379200,
2021-06-14,GME,"GameStop Corp.",1127265,726725,11061,1.52,0.98,64.47,No,No,Consumer Cyclical,Specialty Retail,No,74379200,
2021-06-15,GME,"GameStop Corp.",1249193,769318,8991,1.17,0.72,61.59,No,No,Consumer Cyclical,Specialty Retail,No,74379200,
2021-06-16,GME,"GameStop Corp.",1148600,745728,16289,2.18,1.42,64.92,No,No,Consumer Cyclical,Specialty Retail,No,74379200,
2021-06-17,GME,"GameStop Corp.",939739,622222,5767,0.93,0.61,66.21,No,No,Consumer Cyclical,Specialty Retail,No,74379200,
2021-06-18,GME,"GameStop Corp.",1178305,753597,4014,0.53,0.34,63.96,No,No,Consumer Cyclical,Specialty Retail,No,74379200,
2021-06-21,GME,"GameStop Corp.",995713,656516,5936,0.9,0.6,65.93,No,No,Consumer Cyclical,Specialty Retail,No,74379200,
2021-06-22,GME,"GameStop Corp.",1373499,878476,17652,2.01,1.29,63.96,No,No,Consumer Cyclical,Specialty Retail,No,74379200,
2021-06-23,GME,"GameStop Corp.",665677,425546,11242,2.64,1.69,63.93,No,No,Consumer Cyclical,Specialty Retail,No,74379200,
2021-06-24,GME,"GameStop Corp.",692934,507108,4902,0.97,0.71,73.18,No,No,Consumer Cyclical,Specialty Retail,No,74379200,
2021-06-25,GME,"GameStop Corp.",5013399,2553352,17665,0.69,0.35,50.93,No,No,Consumer Cyclical,Specialty Retail,No,74379200,
2021-06-28,GME,"GameStop Corp.",815835,535716,10195,1.9,1.25,65.66,No,No,Consumer Cyclical,Specialty Retail,No,74379200,
2021-06-29,GME,"GameStop Corp.",556068,364847,6069,1.66,1.09,65.61,No,No,Consumer Cyclical,Specialty Retail,No,74379200,
2021-06-30,GME,"GameStop Corp.",457707,311182,5647,1.81,1.23,67.99,No,No,Consumer Cyclical,Specialty Retail,No,74379200,
2021-07-01,GME,"GameStop Corp.",532468,358672,3360,0.94,0.63,67.36,No,No,Consumer Cyclical,Specialty Retail,No,74379200,
2021-07-02,GME,"GameStop Corp.",456386,313054,3479,1.11,0.76,68.59,No,No,Consumer Cyclical,Specialty Retail,No,74379200,
2021-07-06,GME,"GameStop Corp.",639727,451801,4567,1.01,0.71,70.62,No,No,Consumer Cyclical,Specialty Retail,No,74379200,
2021-07-07,GME,"GameStop Corp.",748526,436369,22608,5.18,3.02,58.3,Yes,No,Consumer Cyclical,Specialty Retail,No,74379200,
2021-07-08,GME,"GameStop Corp.",623547,350826,27880,7.95,4.47,56.26,Yes,No,Consumer Cyclical,Specialty Retail,No,74379200,
2021-07-09,GME,"GameStop Corp.",269683,182682,2394,1.31,0.89,67.74,No,No,Consumer Cyclical,Specialty Retail,No,74379200,
2021-07-12,GME,"GameStop Corp.",293954,207800,1554,0.75,0.53,70.69,No,No,Consumer Cyclical,Specialty Retail,No,74379200,
2021-07-13,GME,"GameStop Corp.",419363,337648,4007,1.19,0.96,80.51,No,No,Consumer Cyclical,Specialty Retail,No,74379200,
2021-07-14,GME,"GameStop Corp.",719459,543810,6209,1.14,0.86,75.59,No,No,Consumer Cyclical,Specialty Retail,No,74379200,
2021-07-15,GME,"GameStop Corp.",967742,724403,4799,0.66,0.5,74.85,No,No,Consumer Cyclical,Specialty Retail,No,74379200,
2021-07-16,GME,"GameStop Corp.",598494,414176,2453,0.59,0.41,69.2,No,No,Consumer Cyclical,Specialty Retail,No,74379200,
